Pays;Region
Afghanistan;Asie
Australia;Oceanie
Austria;Europe
Burundi;Afrique
Belgium;Europe
Benin;Afrique
Burkina Faso;Afrique
Bangladesh;Asie
Belize;Amerique
Bolivia;Amerique
Brazil;Amerique
Botswana;Afrique
Central African Republic;Afrique
Canada;Amerique
Switzerland;Europe
Chile;Amerique
Cameroon;Afrique
Colombia;Amerique
Costa Rica;Amerique
Germany;Europe
Denmark;Europe
Dominican Republic;Amerique
Algeria;Afrique
Ecuador;Amerique
Spain;Europe
Ethiopia;Afrique
Finland;Europe
France;Europe
Gabon;Afrique
United Kingdom;Europe
Ghana;Afrique
Greece;Europe
Guatemala;Amerique
Guyana;Amerique
Honduras;Amerique
Haiti;Amerique
India;Asie
Ireland;Europe
Iraq;Asie
Iceland;Europe
Israel;Asie
Italy;Europe
Jamaica;Amerique
Japan;Asie
Kenya;Afrique
Liberia;Afrique
Libya;Afrique
Sri Lanka;Asie
Lesotho;Afrique
Angola;Afrique
Luxembourg;Europe
Morocco;Afrique
Madagascar;Afrique
Mexico;Amerique
Myanmar;Asie
Mauritius;Afrique
Malaysia;Asie
Niger;Afrique
Nigeria;Afrique
Nicaragua;Amerique
Netherlands;Europe
Norway;Europe
Nepal;Asie
New Zealand;Oceanie
Pakistan;Asie
Panama;Amerique
Peru;Amerique
Philippines;Asie
Albania;Europe
Portugal;Europe
Paraguay;Amerique
Rwanda;Afrique
Saudi Arabia;Asie
Sudan;Afrique
Senegal;Afrique
Singapore;Asie
Sierra Leone;Afrique
Suriname;Amerique
Sweden;Europe
Chad;Afrique
Thailand;Asie
Togo;Afrique
Trinidad and Tobago;Amerique
Tanzania;Afrique
Uganda;Afrique
Uruguay;Amerique
United States;Amerique
South Africa;Afrique
Zambia;Afrique
Zimbabwe;Afrique
United Arab Emirates;Asie
Argentina;Amerique
Mauritania;Afrique
Tunisia;Afrique
Armenia;Asie
Kuwait;Asie
Azerbaijan;Asie
Jordan;Asie
El Salvador;Amerique
Bulgaria;Europe
Indonesia;Asie
Bahrain;Asie
Mali;Afrique
Bosnia and Herzegovina;Europe
Hungary;Europe
Belarus;Europe
Bhutan;Asie
Guinea;Afrique
Malta;Europe
Qatar;Asie
Comoros;Afrique
Cyprus;Asie
Djibouti;Afrique
Cambodia;Asie
Estonia;Europe
Georgia;Asie
Mongolia;Asie
Malawi;Afrique
Namibia;Afrique
Croatia;Europe
Kazakhstan;Asie
Romania;Europe
Ukraine;Europe
Uzbekistan;Asie
Lebanon;Asie
Lithuania;Europe
Latvia;Europe
Moldova;Europe
North Macedonia;Europe
Poland;Europe
Slovenia;Europe
Tajikistan;Asie
Mozambique;Afrique
Montenegro;Europe
Serbia;Europe
